method,dwin,%ERRORdwin
LogisticRegression,0,0.4489795918367347
LogisticRegression(-year),0,0.42857142857142855
SVC,0,0.46938775510204084
SVC(-year),0,0.46938775510204084
KNeighborsClassifier,0,0.2653061224489796
KNeighborsClassifier(-year),0,0.3469387755102041
DecisionTreeClassifier,0,0.30612244897959184
DecisionTreeClassifier(-year),0,0.42857142857142855