method,delectoral,relectoral,RMSEdelectoral,RMSErelectoral
LinearRegression,0.23008224,0.74027583,0.28117564,0.28021713
LinearRegression(-year),0.23036161,0.74162239,0.27397451,0.27290061
Ridge,0.32289619,0.65685696,0.26928135,0.27230085
Ridge(-year),0.32142797,0.6560874,0.26333266,0.26591863