regression method	delectoral	relectoral	dstates	rstates	dpopular	rpopular	RMSE delectoral	RMSE relectoral	RMSE dstates	RMSE rstates	RMSE dpopular	RMSE rpopular
LinearRegression	0.23008224	0.740275831	0.218923672	0.760641499	0.408257932	0.492845491	0.28117564	0.28021713	0.26339285	0.2553657	0.06620446	0.07672889
LinearRegression (no year)	0.230361612	0.74162239	0.233077478	0.747575225	0.405285821	0.493383278	0.27397451	0.27290061	0.25796009	0.25045987	0.0645763	0.07517311
